{
    "__type__": "Deck",
    "children": [],
    "crowdanki_uuid": "1b58065a-3dd8-11ec-9678-d45d6450590b",
    "deck_config_uuid": "6b7a6e06-8f2e-11eb-9b16-d45d6450590b",
    "deck_configurations": [
        {
            "__type__": "DeckConfig",
            "autoAgain": 0,
            "autoAlert": 0,
            "autoAnswer": 0,
            "autoplay": true,
            "crowdanki_uuid": "6b7a6e06-8f2e-11eb-9b16-d45d6450590b",
            "dyn": false,
            "interdayLearningMix": 0,
            "lapse": {
                "delays": [
                    10.0
                ],
                "leechAction": 1,
                "leechFails": 8,
                "minInt": 1,
                "mult": 0.0
            },
            "maxTaken": 60,
            "name": "Default",
            "new": {
                "bury": true,
                "delays": [
                    1.0,
                    10.0,
                    1440.0
                ],
                "initialFactor": 2500,
                "ints": [
                    3,
                    4,
                    0
                ],
                "order": 1,
                "perDay": 9999,
                "retirementActions": {
                    "delete": false,
                    "move": false,
                    "suspend": true,
                    "tag": true
                },
                "retiringInterval": 0,
                "separate": true,
                "weeklySchedule": [
                    true,
                    true,
                    true,
                    true,
                    true,
                    true,
                    true
                ]
            },
            "newGatherPriority": 0,
            "newMix": 1,
            "newPerDayMinimum": 0,
            "newSortOrder": 3,
            "replayq": true,
            "rev": {
                "bury": true,
                "ease4": 1.3,
                "fuzz": 0.05,
                "hardFactor": 1.2,
                "ivlFct": 1.0,
                "maxIvl": 36500,
                "minSpace": 1,
                "perDay": 9999
            },
            "reviewOrder": 0,
            "timer": 0
        }
    ],
    "desc": "",
    "dyn": 0,
    "extendNew": 0,
    "extendRev": 0,
    "media_files": [
        "_ChessTempoViewer.html",
        "_chess3.0.html"
    ],
    "name": "Chess",
    "note_models": [
        {
            "__type__": "NoteModel",
            "assetManager": {
                "enabled": true,
                "indentSize": 4,
                "insertStub": false,
                "scripts": []
            },
            "assetManagerHtml": {
                "enabled": false,
                "fragments": [
                    {
                        "code": "{{Front}}\n\n{{%scripts}}",
                        "conditions": [],
                        "description": "This is the entrance for the front side",
                        "enabled": true,
                        "label": "Front",
                        "name": "FrontSide",
                        "version": "v1"
                    },
                    {
                        "code": "{{FrontSide}}\n\n<hr id=\"answer\">\n\n{{Back}}\n\n{{%scripts}}",
                        "conditions": [],
                        "description": "This is the entrance for the back side",
                        "enabled": true,
                        "label": "Back",
                        "name": "BackSide",
                        "version": "v1"
                    }
                ],
                "minify": false
            },
            "crowdanki_uuid": "52ca70c5-8f2f-11eb-94da-d45d6450590b",
            "css": "::-webkit-scrollbar {\n  display: none;\n}\n\nbody {\n  margin: 0;\n  position: absolute;\n  top: 0;\n  left: 0;\n  width: 100%;\n  height: 100%;\n  display: -webkit-box;\n  -webkit-box-align: stretch;\n  -webkit-box-pack: center;\n  -webkit-box-orient: vertical;\n  font-size: 22px;\n  text-align: center;\n  /* ALIGN TEXT */\n}\n\n.card {\n  text-align: center;\n  font-size: 20px;\n}\n\n#board {\n  margin-left: auto;\n  margin-right: auto;\n}\n\niframe {\n  display: block;\n  margin-left: auto;\n  margin-right: auto;\n  max-height: 100vh;\n  max-width: 100vw;\n  border: 0;\n}\n\n.mobile iframe {\n  height: 96vh;\n  width: 96vw;\n}\n",
            "flds": [
                {
                    "font": "DejaVu Sans",
                    "media": [],
                    "meta": null,
                    "name": "PGN",
                    "ord": 0,
                    "rtl": false,
                    "size": 20,
                    "sticky": false
                }
            ],
            "latexPost": "\\end{document}",
            "latexPre": "\\documentclass[12pt]{article}\n\\special{papersize=3in,5in}\n\\usepackage[utf8]{inputenc}\n\\usepackage{amssymb,amsmath}\n\\pagestyle{empty}\n\\setlength{\\parindent}{0in}\n\\begin{document}\n",
            "latexsvg": false,
            "name": "Chess 2.0 your Move",
            "req": [
                [
                    0,
                    "any",
                    [
                        0
                    ]
                ]
            ],
            "sortf": 0,
            "tags": [
                "Board_Games::chess::Positions"
            ],
            "tmpls": [
                {
                    "afmt": "<iframe id=\"analysisBoard\" height=900 width=900></iframe>\n\n<script>\n  var PGN = encodeURIComponent(`{{text:PGN}}`);\n  document.getElementById(\"analysisBoard\").src = `_ChessTempoViewer.html?PGN=` + PGN + `&flip=false`;\n</script>\n",
                    "bafmt": "",
                    "bfont": "",
                    "bqfmt": "",
                    "bsize": 0,
                    "did": null,
                    "name": "Card 1",
                    "ord": 0,
                    "qfmt": "<iframe id=\"Board\" height=730 width=680></iframe>\n\n<script>\n  var PGN = `{{text:PGN}}`.replace(/\\[Puzzle_Length.*?\\]/, '').replace(/\\[Tactic_line.*?\\]/, ''); //compatability with chess.com puzzles\n  var PGN = encodeURIComponent(PGN);\n  document.getElementById(\"Board\").src = `_chess3.0.html?PGN=` + PGN + `&flip=false`;\n</script>"
                }
            ],
            "type": 0,
            "vers": []
        },
        {
            "__type__": "NoteModel",
            "assetManager": {
                "enabled": true,
                "indentSize": 4,
                "insertStub": false,
                "scripts": []
            },
            "assetManagerHtml": {
                "enabled": false,
                "fragments": [
                    {
                        "code": "{{Front}}\n\n{{%scripts}}",
                        "conditions": [],
                        "description": "This is the entrance for the front side",
                        "enabled": true,
                        "label": "Front",
                        "name": "FrontSide",
                        "version": "v1"
                    },
                    {
                        "code": "{{FrontSide}}\n\n<hr id=\"answer\">\n\n{{Back}}\n\n{{%scripts}}",
                        "conditions": [],
                        "description": "This is the entrance for the back side",
                        "enabled": true,
                        "label": "Back",
                        "name": "BackSide",
                        "version": "v1"
                    }
                ],
                "minify": false
            },
            "crowdanki_uuid": "52ca2293-8f2f-11eb-86eb-d45d6450590b",
            "css": "body {\n  margin: 0;\n  position: absolute;\n  top: 0;\n  left: 0;\n  width: 100%;\n  height: 100%;\n  display: -webkit-box;\n  -webkit-box-align: stretch;\n  -webkit-box-pack: center;\n  -webkit-box-orient: vertical;\n  font-size: 22px;\n  text-align: center;\n  /* ALIGN TEXT */\n}\n\n.card {\n  text-align: center;\n  font-size: 20px;\n}\n\n#board {\n  margin-left: auto;\n  margin-right: auto;\n}\n\niframe {\n  display: block;\n  margin-left: auto;\n  margin-right: auto;\n  max-height: 100vh;\n  max-width: 100vw;\n  border: 0;\n}\n\n.mobile iframe {\n  height: 96vh;\n  width: 96vw;\n}\n\n::-webkit-scrollbar {\n  display: none;\n}",
            "flds": [
                {
                    "font": "DejaVu Sans",
                    "media": [],
                    "meta": null,
                    "name": "PGN",
                    "ord": 0,
                    "rtl": false,
                    "size": 20,
                    "sticky": false
                }
            ],
            "latexPost": "\\end{document}",
            "latexPre": "\\documentclass[12pt]{article}\n\\special{papersize=3in,5in}\n\\usepackage[utf8]{inputenc}\n\\usepackage{amssymb,amsmath}\n\\pagestyle{empty}\n\\setlength{\\parindent}{0in}\n\\begin{document}\n",
            "latexsvg": false,
            "name": "Chess 2.0 Opponents Move",
            "req": [
                [
                    0,
                    "any",
                    [
                        0
                    ]
                ]
            ],
            "sortf": 0,
            "tags": [
                "Board_Games::chess::Positions"
            ],
            "tmpls": [
                {
                    "afmt": "<iframe id=\"analysisBoard\" height=900 width=900></iframe>\n\n<script>\n  var PGN = encodeURIComponent(`{{text:PGN}}`);\n  document.getElementById(\"analysisBoard\").src = `_ChessTempoViewer.html?PGN=` + PGN + `&flip=true`;\n</script>\n",
                    "bafmt": "",
                    "bfont": "",
                    "bqfmt": "",
                    "bsize": 0,
                    "did": null,
                    "name": "Card 1",
                    "ord": 0,
                    "qfmt": "<iframe id=\"Board\" height=730 width=680></iframe>\n\n<script>\n  var PGN = `{{text:PGN}}`.replace(/\\[Puzzle_Length.*?\\]/, '').replace(/\\[Tactic_line.*?\\]/, ''); //compatability with chess.com puzzles\n  var PGN = encodeURIComponent(PGN);\n  document.getElementById(\"Board\").src = `_chess3.0.html?PGN=` + PGN + `&flip=true`;\n</script>"
                }
            ],
            "type": 0,
            "vers": []
        }
    ],
    "notes": [
        {
            "__type__": "Note",
            "fields": [
                "[Event \"?\"]<br>[Site \"?\"]<br>[Date \"2021.03.03\"]<br>[Round \"?\"]<br>[White \"White\"]<br>[Black \"Black\"]<br>[Result \"1-0\"]<br>[FEN \"r1bq2rk/1p1p4/p1n1pPQp/3n4/4N3/1N1Bb3/PPP3PP/R4R1K w - - 0 1\"]<br>[SetUp \"1\"]<br><br>1. Qh7+ {EV: 100.0%} Kxh7 {EV: 0.0%} 2. Ng5+ {EV: 100.0%} Kh8 {EV: 0.0%} 3. Nf7#<br>{EV: 100.0%} 1-0"
            ],
            "guid": "JT|iyiaE@L",
            "note_model_uuid": "52ca70c5-8f2f-11eb-94da-d45d6450590b",
            "tags": [
                "Board_Games::chess::Lichess::Basic_Tactics::Discovered_Attack"
            ]
        },
        {
            "__type__": "Note",
            "fields": [
                "[Event \"?\"]<br>[Site \"?\"]<br>[Date \"2021.10.03\"]<br>[Round \"?\"]<br>[White \"White\"]<br>[Black \"Black\"]<br>[Result \"1-0\"]<br>[FEN \"r1b5/pp1nqB1Q/3bp3/2pp2k1/3P4/2P1P3/PP1N1PP1/R3K3 b Q - 0 19\"]<br>[SetUp \"1\"]<br><br>19... Nf6 20. Qg7+ (20. Nf3+ Kg4 21. Qg6# {EV: 100.0%} (21. Qh3# {EV: 100.0%}))<br>(20. Qg6+ Kh4 21. Nf3# {EV: 100.0%}) Kf5 21. Qg6# 1-0"
            ],
            "guid": "j:pK:9Zv`)",
            "note_model_uuid": "52ca2293-8f2f-11eb-86eb-d45d6450590b",
            "tags": [
                "Board_Games::chess::Positions"
            ]
        }
    ]
}
