{
    "__type__": "Deck",
    "children": [],
    "crowdanki_uuid": "40360a94-e4d1-11ec-b424-2cfda1cfbceb",
    "deck_config_uuid": "403610f2-e4d1-11ec-b424-2cfda1cfbceb",
    "deck_configurations": [
        {
            "__type__": "DeckConfig",
            "autoplay": true,
            "buryInterdayLearning": false,
            "crowdanki_uuid": "403610f2-e4d1-11ec-b424-2cfda1cfbceb",
            "dyn": false,
            "interdayLearningMix": 0,
            "lapse": {
                "delays": [
                    10.0
                ],
                "leechAction": 1,
                "leechFails": 8,
                "minInt": 1,
                "mult": 0.0
            },
            "maxTaken": 60,
            "name": "Default",
            "new": {
                "bury": false,
                "delays": [
                    1.0,
                    10.0,
                    1440.0
                ],
                "initialFactor": 2500,
                "ints": [
                    3,
                    4,
                    0
                ],
                "order": 1,
                "perDay": 9999
            },
            "newGatherPriority": 1,
            "newMix": 1,
            "newPerDayMinimum": 0,
            "newSortOrder": 1,
            "replayq": true,
            "rev": {
                "bury": true,
                "ease4": 1.3,
                "hardFactor": 1.2,
                "ivlFct": 1.0,
                "maxIvl": 36500,
                "perDay": 9999
            },
            "reviewOrder": 0,
            "timer": 0
        }
    ],
    "desc": "",
    "dyn": 0,
    "extendNew": 0,
    "extendRev": 0,
    "media_files": [
        "_ChessTempoViewer.html",
        "_chess3.0.html"
    ],
    "name": "Chess",
    "note_models": [
        {
            "__type__": "NoteModel",
            "assetManager": {
                "enabled": true,
                "indentSize": 4,
                "insertStub": false,
                "scripts": []
            },
            "assetManagerHtml": {
                "enabled": false,
                "fragments": [
                    {
                        "code": "{{Front}}\n\n{{%scripts}}",
                        "conditions": [],
                        "description": "This is the entrance for the front side",
                        "enabled": true,
                        "label": "Front",
                        "name": "FrontSide",
                        "version": "v1"
                    },
                    {
                        "code": "{{FrontSide}}\n\n<hr id=\"answer\">\n\n{{Back}}\n\n{{%scripts}}",
                        "conditions": [],
                        "description": "This is the entrance for the back side",
                        "enabled": true,
                        "label": "Back",
                        "name": "BackSide",
                        "version": "v1"
                    }
                ],
                "minify": false
            },
            "crowdanki_uuid": "52ca2293-8f2f-11eb-86eb-d45d6450590b",
            "css": ".card {\n  text-align: center;\n  font-size: 20px;\n}\n\nbody {\n\tmargin: 0;\n  height: 100%;\n}\n\niframe {\nmargin: 0;\nposition: absolute;\n  top: 0;\n  left: 0;\n  height: 100vh;\n  width: 100vw;\n  border: 0;\n}\n\n",
            "flds": [
                {
                    "description": "",
                    "font": "DejaVu Sans",
                    "media": [],
                    "meta": null,
                    "name": "PGN",
                    "ord": 0,
                    "rtl": false,
                    "size": 20,
                    "sticky": false
                }
            ],
            "latexPost": "\\end{document}",
            "latexPre": "\\documentclass[12pt]{article}\n\\special{papersize=3in,5in}\n\\usepackage[utf8]{inputenc}\n\\usepackage{amssymb,amsmath}\n\\pagestyle{empty}\n\\setlength{\\parindent}{0in}\n\\begin{document}\n",
            "latexsvg": false,
            "name": "Chess 2.0",
            "req": [
                [
                    0,
                    "any",
                    [
                        0
                    ]
                ]
            ],
            "sortf": 0,
            "tags": [
                "Board_Games::chess::Positions"
            ],
            "tmpls": [
                {
                    "afmt": "<script>\n// v1.0.0 - https://github.com/SimonLammer/anki-persistence/blob/cd2ca88e019dc3b8f32dad623932c1eabdba7e21/script.js\nif(void 0===window.Persistence){var _persistenceKey=\"github.com/SimonLammer/anki-persistence/\",_defaultKey=\"_default\";if(window.Persistence_sessionStorage=function(){var e=!1;try{\"object\"==typeof window.sessionStorage&&(e=!0,this.clear=function(){for(var e=0;e<sessionStorage.length;e++){var t=sessionStorage.key(e);0==t.indexOf(_persistenceKey)&&(sessionStorage.removeItem(t),e--)}},this.setItem=function(e,t){null==t&&(t=e,e=_defaultKey),sessionStorage.setItem(_persistenceKey+e,JSON.stringify(t))},this.getItem=function(e){return null==e&&(e=_defaultKey),JSON.parse(sessionStorage.getItem(_persistenceKey+e))},this.removeItem=function(e){null==e&&(e=_defaultKey),sessionStorage.removeItem(_persistenceKey+e)})}catch(e){}this.isAvailable=function(){return e}},window.Persistence_windowKey=function(e){var t=window[e],n=!1;\"object\"==typeof t&&(n=!0,this.clear=function(){t[_persistenceKey]={}},this.setItem=function(e,n){null==n&&(n=e,e=_defaultKey),t[_persistenceKey][e]=n},this.getItem=function(e){return null==e&&(e=_defaultKey),null==t[_persistenceKey][e]?null:t[_persistenceKey][e]},this.removeItem=function(e){null==e&&(e=_defaultKey),delete t[_persistenceKey][e]},null==t[_persistenceKey]&&this.clear()),this.isAvailable=function(){return n}},window.Persistence=new Persistence_sessionStorage,Persistence.isAvailable()||(window.Persistence=new Persistence_windowKey(\"py\")),!Persistence.isAvailable()){var titleStartIndex=window.location.toString().indexOf(\"title\"),titleContentIndex=window.location.toString().indexOf(\"main\",titleStartIndex);titleStartIndex>0&&titleContentIndex>0&&titleContentIndex-titleStartIndex<10&&(window.Persistence=new Persistence_windowKey(\"qt\"))}}\n</script>\n\n<iframe id=\"analysisBoard\" src=\"_chess3.0.html?PGN=[Event \"?\"] [Site \"?\"] [Date \"2022.04.12\"] [Round \"?\"] [White \"White\"] [Black \"Black\"] [Result \"*\"] [FEN \"rnbqkbnr/pppppppp/8/8/6P1/8/PPPPPP1P/RNBQKBNR b KQkq - 0 1\"] [SetUp \"1\"] 1... f5 2. gxf5 *&flip=true&backgroundColor=transparent&handicap=2\" style=\"visibility:hidden;\" onload=\"this.style.visibility='visible';\"></iframe>\n\n<script data-name=\"injectScript\" data-version=\"v0.1\">\n  var backgroundColor = encodeURIComponent(window.getComputedStyle( document.body ,null).getPropertyValue('background-color'))\n\tvar injectScript = (src) => {\n\t\treturn new Promise((resolve, reject) => {\n\t\t\tconst script = document.createElement('script');\n\t\t\tscript.src = src;\n\t\t\tscript.async = true;\n\t\t\tscript.onload = resolve;\n\t\t\tscript.onerror = reject;\n\t\t\tdocument.head.appendChild(script);\n\t\t});\n\t};\n\n\tvar errorCheck;\n\n\n\tif (Persistence.isAvailable()) {\n\t\terrorCheck = Persistence.getItem(\"errorCheck\");\n\t\tPersistence.clear();\n\t}\n</script>\n\n<script>\n\tvar PGN = encodeURIComponent(`{{text:PGN}}`);\n\tdocument.getElementById(\"analysisBoard\").src = `_ChessTempoViewer.html?PGN=` + PGN + `&flip=true&errorCheck=` + errorCheck + `&backgroundColor=` + backgroundColor + ``;\n</script>",
                    "bafmt": "",
                    "bfont": "",
                    "bqfmt": "",
                    "bsize": 0,
                    "did": null,
                    "name": "Card 1",
                    "ord": 0,
                    "qfmt": "<script>\n// v1.0.0 - https://github.com/SimonLammer/anki-persistence/blob/cd2ca88e019dc3b8f32dad623932c1eabdba7e21/script.js\nif(void 0===window.Persistence){var _persistenceKey=\"github.com/SimonLammer/anki-persistence/\",_defaultKey=\"_default\";if(window.Persistence_sessionStorage=function(){var e=!1;try{\"object\"==typeof window.sessionStorage&&(e=!0,this.clear=function(){for(var e=0;e<sessionStorage.length;e++){var t=sessionStorage.key(e);0==t.indexOf(_persistenceKey)&&(sessionStorage.removeItem(t),e--)}},this.setItem=function(e,t){null==t&&(t=e,e=_defaultKey),sessionStorage.setItem(_persistenceKey+e,JSON.stringify(t))},this.getItem=function(e){return null==e&&(e=_defaultKey),JSON.parse(sessionStorage.getItem(_persistenceKey+e))},this.removeItem=function(e){null==e&&(e=_defaultKey),sessionStorage.removeItem(_persistenceKey+e)})}catch(e){}this.isAvailable=function(){return e}},window.Persistence_windowKey=function(e){var t=window[e],n=!1;\"object\"==typeof t&&(n=!0,this.clear=function(){t[_persistenceKey]={}},this.setItem=function(e,n){null==n&&(n=e,e=_defaultKey),t[_persistenceKey][e]=n},this.getItem=function(e){return null==e&&(e=_defaultKey),null==t[_persistenceKey][e]?null:t[_persistenceKey][e]},this.removeItem=function(e){null==e&&(e=_defaultKey),delete t[_persistenceKey][e]},null==t[_persistenceKey]&&this.clear()),this.isAvailable=function(){return n}},window.Persistence=new Persistence_sessionStorage,Persistence.isAvailable()||(window.Persistence=new Persistence_windowKey(\"py\")),!Persistence.isAvailable()){var titleStartIndex=window.location.toString().indexOf(\"title\"),titleContentIndex=window.location.toString().indexOf(\"main\",titleStartIndex);titleStartIndex>0&&titleContentIndex>0&&titleContentIndex-titleStartIndex<10&&(window.Persistence=new Persistence_windowKey(\"qt\"))}}\n</script>\n<iframe id=\"Board\" src=\"_chess3.0.html?PGN=[Event \"?\"] [Site \"?\"] [Date \"2022.04.12\"] [Round \"?\"] [White \"White\"] [Black \"Black\"] [Result \"*\"] [FEN \"rnbqkbnr/pppppppp/8/8/6P1/8/PPPPPP1P/RNBQKBNR b KQkq - 0 1\"] [SetUp \"1\"] 1... f5 2. gxf5 *&flip=true&backgroundColor=transparent&handicap=2\" style=\"visibility:hidden;\" onload=\"this.style.visibility='visible';\"></iframe>\n\n<script>\n   var backgroundColor = encodeURIComponent(window.getComputedStyle( document.body ,null).getPropertyValue('background-color'))\n\tvar handicap = 2;\n\tvar PGN = `{{text:PGN}}`.replace(/\\[Puzzle_Length.*?\\]/, '').replace(/\\[Tactic_line.*?\\]/, ''); //compatability with chess.com puzzles\n\tvar PGN = encodeURIComponent(PGN);\n\tdocument.getElementById(\"Board\").src = `_chess3.0.html?PGN=` + PGN + `&flip=true&backgroundColor=` + backgroundColor + `&handicap=` + handicap + ``;\n\tvar errorCheck = false;\ndocument.getElementById(\"Board\").allowTransparency = true;\n\tif (Persistence.isAvailable()) {\n\t\tif (typeof window.addEventListener != 'undefined') {\n\t\t\twindow.addEventListener('message', function(e) {\n\t\t\t\terrorCheck = true;\n\t\t\t\tPersistence.setItem(\"errorCheck\", errorCheck);\n\t\t\t}, false);\n\t\t}\n\t}\n\n</script>\n\n"
                }
            ],
            "type": 0,
            "vers": []
        }
    ],
    "notes": [
        {
            "__type__": "Note",
            "fields": [
                "[Event \"?\"]\n[Site \"?\"]\n[Date \"2022.01.18\"]\n[Round \"?\"]\n[White \"White\"]\n[Black \"Black\"]\n[Result \"0-1\"]\n[FEN \"r3r1k1/1pp2ppp/8/p1b5/2N2Qbq/P1PP4/1P3PPP/R1B2RK1 w - - 1 15\"]\n[SetUp \"1\"]\n\n15. Qxc7 {EV: 49.2%} Qxf2+ {EV: 100.0%} 16. Rxf2 {EV: 0.0%} (16. Kh1 {EV: 0.0%}\nQxf1# {EV: 100.0%}) Re1# {EV: 100.0%} 0-1"
            ],
            "guid": "mNqof0J^s?",
            "note_model_uuid": "52ca2293-8f2f-11eb-86eb-d45d6450590b",
            "tags": [
                "example"
            ]
        }
    ]
}