{
    "__type__": "Deck",
    "children": [],
    "crowdanki_uuid": "0687e926-4e0d-11ec-899d-d45d6450590b",
    "deck_config_uuid": "6b7a6e06-8f2e-11eb-9b16-d45d6450590b",
    "deck_configurations": [
        {
            "__type__": "DeckConfig",
            "autoAgain": 0,
            "autoAlert": 0,
            "autoAnswer": 0,
            "autoplay": true,
            "crowdanki_uuid": "6b7a6e06-8f2e-11eb-9b16-d45d6450590b",
            "dyn": false,
            "interdayLearningMix": 0,
            "lapse": {
                "delays": [
                    10.0
                ],
                "leechAction": 1,
                "leechFails": 8,
                "minInt": 1,
                "mult": 0.0
            },
            "maxTaken": 60,
            "name": "Default",
            "new": {
                "bury": false,
                "delays": [
                    1.0,
                    10.0,
                    1440.0
                ],
                "initialFactor": 2500,
                "ints": [
                    3,
                    4,
                    0
                ],
                "order": 1,
                "perDay": 9999,
                "retirementActions": {
                    "delete": false,
                    "move": false,
                    "suspend": true,
                    "tag": true
                },
                "retiringInterval": 0,
                "separate": true,
                "weeklySchedule": [
                    true,
                    true,
                    true,
                    true,
                    true,
                    true,
                    true
                ]
            },
            "newGatherPriority": 0,
            "newMix": 1,
            "newPerDayMinimum": 0,
            "newSortOrder": 3,
            "replayq": true,
            "rev": {
                "bury": true,
                "ease4": 1.3,
                "fuzz": 0.05,
                "hardFactor": 1.2,
                "ivlFct": 1.0,
                "maxIvl": 36500,
                "minSpace": 1,
                "perDay": 9999
            },
            "reviewOrder": 0,
            "timer": 0
        }
    ],
    "desc": "",
    "dyn": 0,
    "extendNew": 0,
    "extendRev": 0,
    "media_files": [
        "_ChessTempoViewer.html",
        "_chess3.0.html"
    ],
    "name": "Chess",
    "note_models": [
        {
            "__type__": "NoteModel",
            "assetManager": {
                "enabled": true,
                "indentSize": 4,
                "insertStub": false,
                "scripts": []
            },
            "assetManagerHtml": {
                "enabled": false,
                "fragments": [
                    {
                        "code": "{{Front}}\n\n{{%scripts}}",
                        "conditions": [],
                        "description": "This is the entrance for the front side",
                        "enabled": true,
                        "label": "Front",
                        "name": "FrontSide",
                        "version": "v1"
                    },
                    {
                        "code": "{{FrontSide}}\n\n<hr id=\"answer\">\n\n{{Back}}\n\n{{%scripts}}",
                        "conditions": [],
                        "description": "This is the entrance for the back side",
                        "enabled": true,
                        "label": "Back",
                        "name": "BackSide",
                        "version": "v1"
                    }
                ],
                "minify": false
            },
            "crowdanki_uuid": "52ca70c5-8f2f-11eb-94da-d45d6450590b",
            "css": "body {\n  margin: 0;\n  position: absolute;\n  top: 0;\n  left: 0;\n  width: 100%;\n  height: 100%;\n  display: -webkit-box;\n  -webkit-box-align: stretch;\n  -webkit-box-pack: center;\n  -webkit-box-orient: vertical;\n  font-size: 22px;\n  text-align: center;\n}\n\n.card {\n  text-align: center;\n  font-size: 20px;\n}\n\n#board {\n  margin-left: auto;\n  margin-right: auto;\n}\n\niframe {\n  display: block;\n  margin-left: auto;\n  margin-right: auto;\n  max-height: 100vh;\n  max-width: 100vw;\n  border: 0;\n}\n\n.mobile iframe {\n  height: 96vh;\n  width: 96vw;\n}\n\n::-webkit-scrollbar {\n  display: none;\n}",
            "flds": [
                {
                    "font": "DejaVu Sans",
                    "media": [],
                    "meta": null,
                    "name": "PGN",
                    "ord": 0,
                    "rtl": false,
                    "size": 20,
                    "sticky": false
                }
            ],
            "latexPost": "\\end{document}",
            "latexPre": "\\documentclass[12pt]{article}\n\\special{papersize=3in,5in}\n\\usepackage[utf8]{inputenc}\n\\usepackage{amssymb,amsmath}\n\\pagestyle{empty}\n\\setlength{\\parindent}{0in}\n\\begin{document}\n",
            "latexsvg": false,
            "name": "Chess 2.0 your Move",
            "req": [
                [
                    0,
                    "any",
                    [
                        0
                    ]
                ]
            ],
            "sortf": 0,
            "tags": [
                "Board_Games::chess::Positions"
            ],
            "tmpls": [
                {
                    "afmt": "<script>\n// v1.0.0 - https://github.com/SimonLammer/anki-persistence/blob/cd2ca88e019dc3b8f32dad623932c1eabdba7e21/script.js\nif(void 0===window.Persistence){var _persistenceKey=\"github.com/SimonLammer/anki-persistence/\",_defaultKey=\"_default\";if(window.Persistence_sessionStorage=function(){var e=!1;try{\"object\"==typeof window.sessionStorage&&(e=!0,this.clear=function(){for(var e=0;e<sessionStorage.length;e++){var t=sessionStorage.key(e);0==t.indexOf(_persistenceKey)&&(sessionStorage.removeItem(t),e--)}},this.setItem=function(e,t){null==t&&(t=e,e=_defaultKey),sessionStorage.setItem(_persistenceKey+e,JSON.stringify(t))},this.getItem=function(e){return null==e&&(e=_defaultKey),JSON.parse(sessionStorage.getItem(_persistenceKey+e))},this.removeItem=function(e){null==e&&(e=_defaultKey),sessionStorage.removeItem(_persistenceKey+e)})}catch(e){}this.isAvailable=function(){return e}},window.Persistence_windowKey=function(e){var t=window[e],n=!1;\"object\"==typeof t&&(n=!0,this.clear=function(){t[_persistenceKey]={}},this.setItem=function(e,n){null==n&&(n=e,e=_defaultKey),t[_persistenceKey][e]=n},this.getItem=function(e){return null==e&&(e=_defaultKey),null==t[_persistenceKey][e]?null:t[_persistenceKey][e]},this.removeItem=function(e){null==e&&(e=_defaultKey),delete t[_persistenceKey][e]},null==t[_persistenceKey]&&this.clear()),this.isAvailable=function(){return n}},window.Persistence=new Persistence_sessionStorage,Persistence.isAvailable()||(window.Persistence=new Persistence_windowKey(\"py\")),!Persistence.isAvailable()){var titleStartIndex=window.location.toString().indexOf(\"title\"),titleContentIndex=window.location.toString().indexOf(\"main\",titleStartIndex);titleStartIndex>0&&titleContentIndex>0&&titleContentIndex-titleStartIndex<10&&(window.Persistence=new Persistence_windowKey(\"qt\"))}}\n</script>\n\n<iframe id=\"analysisBoard\" height=900 width=900></iframe>\n\n<script data-name=\"injectScript\" data-version=\"v0.1\">\n\tvar injectScript = (src) => {\n\t\treturn new Promise((resolve, reject) => {\n\t\t\tconst script = document.createElement('script');\n\t\t\tscript.src = src;\n\t\t\tscript.async = true;\n\t\t\tscript.onload = resolve;\n\t\t\tscript.onerror = reject;\n\t\t\tdocument.head.appendChild(script);\n\t\t});\n\t};\n\n\tvar errorCheck;\n\n\n\tif (Persistence.isAvailable()) {\n\t\terrorCheck = Persistence.getItem(\"errorCheck\");\n\t\tPersistence.clear();\n\t}\n</script>\n\n<script>\n\tvar PGN = encodeURIComponent(`{{text:PGN}}`);\n\tdocument.getElementById(\"analysisBoard\").src = `_ChessTempoViewer.html?PGN=` + PGN + `&flip=false&errorCheck=` + errorCheck + ``;\n</script>",
                    "bafmt": "",
                    "bfont": "",
                    "bqfmt": "",
                    "bsize": 0,
                    "did": null,
                    "name": "Card 1",
                    "ord": 0,
                    "qfmt": "<script>\n// v1.0.0 - https://github.com/SimonLammer/anki-persistence/blob/cd2ca88e019dc3b8f32dad623932c1eabdba7e21/script.js\nif(void 0===window.Persistence){var _persistenceKey=\"github.com/SimonLammer/anki-persistence/\",_defaultKey=\"_default\";if(window.Persistence_sessionStorage=function(){var e=!1;try{\"object\"==typeof window.sessionStorage&&(e=!0,this.clear=function(){for(var e=0;e<sessionStorage.length;e++){var t=sessionStorage.key(e);0==t.indexOf(_persistenceKey)&&(sessionStorage.removeItem(t),e--)}},this.setItem=function(e,t){null==t&&(t=e,e=_defaultKey),sessionStorage.setItem(_persistenceKey+e,JSON.stringify(t))},this.getItem=function(e){return null==e&&(e=_defaultKey),JSON.parse(sessionStorage.getItem(_persistenceKey+e))},this.removeItem=function(e){null==e&&(e=_defaultKey),sessionStorage.removeItem(_persistenceKey+e)})}catch(e){}this.isAvailable=function(){return e}},window.Persistence_windowKey=function(e){var t=window[e],n=!1;\"object\"==typeof t&&(n=!0,this.clear=function(){t[_persistenceKey]={}},this.setItem=function(e,n){null==n&&(n=e,e=_defaultKey),t[_persistenceKey][e]=n},this.getItem=function(e){return null==e&&(e=_defaultKey),null==t[_persistenceKey][e]?null:t[_persistenceKey][e]},this.removeItem=function(e){null==e&&(e=_defaultKey),delete t[_persistenceKey][e]},null==t[_persistenceKey]&&this.clear()),this.isAvailable=function(){return n}},window.Persistence=new Persistence_sessionStorage,Persistence.isAvailable()||(window.Persistence=new Persistence_windowKey(\"py\")),!Persistence.isAvailable()){var titleStartIndex=window.location.toString().indexOf(\"title\"),titleContentIndex=window.location.toString().indexOf(\"main\",titleStartIndex);titleStartIndex>0&&titleContentIndex>0&&titleContentIndex-titleStartIndex<10&&(window.Persistence=new Persistence_windowKey(\"qt\"))}}\n</script>\n\n<iframe id=\"Board\" height=730 width=680></iframe>\n\n<script>\n\tvar handicap = 2;\n\tvar PGN = `{{text:PGN}}`.replace(/\\[Puzzle_Length.*?\\]/, '').replace(/\\[Tactic_line.*?\\]/, ''); //compatability with chess.com puzzles\n\tvar PGN = encodeURIComponent(PGN);\n\tdocument.getElementById(\"Board\").src = `_chess3.0.html?PGN=` + PGN + `&flip=false&handicap=` + handicap + ``;\n\tvar errorCheck = false;\n\n\tif (Persistence.isAvailable()) {\n\t\tif (typeof window.addEventListener != 'undefined') {\n\t\t\twindow.addEventListener('message', function(e) {\n\t\t\t\terrorCheck = true;\n\t\t\t\tPersistence.setItem(\"errorCheck\", errorCheck);\n\t\t\t}, false);\n\t\t}\n\t}\n</script>"
                }
            ],
            "type": 0,
            "vers": []
        },
        {
            "__type__": "NoteModel",
            "assetManager": {
                "enabled": true,
                "indentSize": 4,
                "insertStub": false,
                "scripts": []
            },
            "assetManagerHtml": {
                "enabled": false,
                "fragments": [
                    {
                        "code": "{{Front}}\n\n{{%scripts}}",
                        "conditions": [],
                        "description": "This is the entrance for the front side",
                        "enabled": true,
                        "label": "Front",
                        "name": "FrontSide",
                        "version": "v1"
                    },
                    {
                        "code": "{{FrontSide}}\n\n<hr id=\"answer\">\n\n{{Back}}\n\n{{%scripts}}",
                        "conditions": [],
                        "description": "This is the entrance for the back side",
                        "enabled": true,
                        "label": "Back",
                        "name": "BackSide",
                        "version": "v1"
                    }
                ],
                "minify": false
            },
            "crowdanki_uuid": "52ca2293-8f2f-11eb-86eb-d45d6450590b",
            "css": "body {\n  margin: 0;\n  position: absolute;\n  top: 0;\n  left: 0;\n  width: 100%;\n  height: 100%;\n  display: -webkit-box;\n  -webkit-box-align: stretch;\n  -webkit-box-pack: center;\n  -webkit-box-orient: vertical;\n  font-size: 22px;\n  text-align: center;\n}\n\n.card {\n  text-align: center;\n  font-size: 20px;\n}\n\n#board {\n  margin-left: auto;\n  margin-right: auto;\n}\n\niframe {\n  display: block;\n  margin-left: auto;\n  margin-right: auto;\n  max-height: 100vh;\n  max-width: 100vw;\n  border: 0;\n}\n\n.mobile iframe {\n  height: 96vh;\n  width: 96vw;\n}\n\n::-webkit-scrollbar {\n  display: none;\n}",
            "flds": [
                {
                    "font": "DejaVu Sans",
                    "media": [],
                    "meta": null,
                    "name": "PGN",
                    "ord": 0,
                    "rtl": false,
                    "size": 20,
                    "sticky": false
                }
            ],
            "latexPost": "\\end{document}",
            "latexPre": "\\documentclass[12pt]{article}\n\\special{papersize=3in,5in}\n\\usepackage[utf8]{inputenc}\n\\usepackage{amssymb,amsmath}\n\\pagestyle{empty}\n\\setlength{\\parindent}{0in}\n\\begin{document}\n",
            "latexsvg": false,
            "name": "Chess 2.0 Opponents Move",
            "req": [
                [
                    0,
                    "any",
                    [
                        0
                    ]
                ]
            ],
            "sortf": 0,
            "tags": [
                "Board_Games::chess::Positions"
            ],
            "tmpls": [
                {
                    "afmt": "<script>\n// v1.0.0 - https://github.com/SimonLammer/anki-persistence/blob/cd2ca88e019dc3b8f32dad623932c1eabdba7e21/script.js\nif(void 0===window.Persistence){var _persistenceKey=\"github.com/SimonLammer/anki-persistence/\",_defaultKey=\"_default\";if(window.Persistence_sessionStorage=function(){var e=!1;try{\"object\"==typeof window.sessionStorage&&(e=!0,this.clear=function(){for(var e=0;e<sessionStorage.length;e++){var t=sessionStorage.key(e);0==t.indexOf(_persistenceKey)&&(sessionStorage.removeItem(t),e--)}},this.setItem=function(e,t){null==t&&(t=e,e=_defaultKey),sessionStorage.setItem(_persistenceKey+e,JSON.stringify(t))},this.getItem=function(e){return null==e&&(e=_defaultKey),JSON.parse(sessionStorage.getItem(_persistenceKey+e))},this.removeItem=function(e){null==e&&(e=_defaultKey),sessionStorage.removeItem(_persistenceKey+e)})}catch(e){}this.isAvailable=function(){return e}},window.Persistence_windowKey=function(e){var t=window[e],n=!1;\"object\"==typeof t&&(n=!0,this.clear=function(){t[_persistenceKey]={}},this.setItem=function(e,n){null==n&&(n=e,e=_defaultKey),t[_persistenceKey][e]=n},this.getItem=function(e){return null==e&&(e=_defaultKey),null==t[_persistenceKey][e]?null:t[_persistenceKey][e]},this.removeItem=function(e){null==e&&(e=_defaultKey),delete t[_persistenceKey][e]},null==t[_persistenceKey]&&this.clear()),this.isAvailable=function(){return n}},window.Persistence=new Persistence_sessionStorage,Persistence.isAvailable()||(window.Persistence=new Persistence_windowKey(\"py\")),!Persistence.isAvailable()){var titleStartIndex=window.location.toString().indexOf(\"title\"),titleContentIndex=window.location.toString().indexOf(\"main\",titleStartIndex);titleStartIndex>0&&titleContentIndex>0&&titleContentIndex-titleStartIndex<10&&(window.Persistence=new Persistence_windowKey(\"qt\"))}}\n</script>\n\n<iframe id=\"analysisBoard\" height=900 width=900></iframe>\n\n<script data-name=\"injectScript\" data-version=\"v0.1\">\n\tvar injectScript = (src) => {\n\t\treturn new Promise((resolve, reject) => {\n\t\t\tconst script = document.createElement('script');\n\t\t\tscript.src = src;\n\t\t\tscript.async = true;\n\t\t\tscript.onload = resolve;\n\t\t\tscript.onerror = reject;\n\t\t\tdocument.head.appendChild(script);\n\t\t});\n\t};\n\n\tvar errorCheck;\n\n\n\tif (Persistence.isAvailable()) {\n\t\terrorCheck = Persistence.getItem(\"errorCheck\");\n\t\tPersistence.clear();\n\t}\n</script>\n\n<script>\n\tvar PGN = encodeURIComponent(`{{text:PGN}}`);\n\tdocument.getElementById(\"analysisBoard\").src = `_ChessTempoViewer.html?PGN=` + PGN + `&flip=true&errorCheck=` + errorCheck + ``;\n</script>",
                    "bafmt": "",
                    "bfont": "",
                    "bqfmt": "",
                    "bsize": 0,
                    "did": null,
                    "name": "Card 1",
                    "ord": 0,
                    "qfmt": "<script>\n// v1.0.0 - https://github.com/SimonLammer/anki-persistence/blob/cd2ca88e019dc3b8f32dad623932c1eabdba7e21/script.js\nif(void 0===window.Persistence){var _persistenceKey=\"github.com/SimonLammer/anki-persistence/\",_defaultKey=\"_default\";if(window.Persistence_sessionStorage=function(){var e=!1;try{\"object\"==typeof window.sessionStorage&&(e=!0,this.clear=function(){for(var e=0;e<sessionStorage.length;e++){var t=sessionStorage.key(e);0==t.indexOf(_persistenceKey)&&(sessionStorage.removeItem(t),e--)}},this.setItem=function(e,t){null==t&&(t=e,e=_defaultKey),sessionStorage.setItem(_persistenceKey+e,JSON.stringify(t))},this.getItem=function(e){return null==e&&(e=_defaultKey),JSON.parse(sessionStorage.getItem(_persistenceKey+e))},this.removeItem=function(e){null==e&&(e=_defaultKey),sessionStorage.removeItem(_persistenceKey+e)})}catch(e){}this.isAvailable=function(){return e}},window.Persistence_windowKey=function(e){var t=window[e],n=!1;\"object\"==typeof t&&(n=!0,this.clear=function(){t[_persistenceKey]={}},this.setItem=function(e,n){null==n&&(n=e,e=_defaultKey),t[_persistenceKey][e]=n},this.getItem=function(e){return null==e&&(e=_defaultKey),null==t[_persistenceKey][e]?null:t[_persistenceKey][e]},this.removeItem=function(e){null==e&&(e=_defaultKey),delete t[_persistenceKey][e]},null==t[_persistenceKey]&&this.clear()),this.isAvailable=function(){return n}},window.Persistence=new Persistence_sessionStorage,Persistence.isAvailable()||(window.Persistence=new Persistence_windowKey(\"py\")),!Persistence.isAvailable()){var titleStartIndex=window.location.toString().indexOf(\"title\"),titleContentIndex=window.location.toString().indexOf(\"main\",titleStartIndex);titleStartIndex>0&&titleContentIndex>0&&titleContentIndex-titleStartIndex<10&&(window.Persistence=new Persistence_windowKey(\"qt\"))}}\n</script>\n\n<iframe id=\"Board\" height=730 width=680></iframe>\n\n<script>\n\tvar handicap = 2;\n\tvar PGN = `{{text:PGN}}`.replace(/\\[Puzzle_Length.*?\\]/, '').replace(/\\[Tactic_line.*?\\]/, ''); //compatability with chess.com puzzles\n\tvar PGN = encodeURIComponent(PGN);\n\tdocument.getElementById(\"Board\").src = `_chess3.0.html?PGN=` + PGN + `&flip=true&handicap=` + handicap + ``;\n\tvar errorCheck = false;\n\n\tif (Persistence.isAvailable()) {\n\t\tif (typeof window.addEventListener != 'undefined') {\n\t\t\twindow.addEventListener('message', function(e) {\n\t\t\t\terrorCheck = true;\n\t\t\t\tPersistence.setItem(\"errorCheck\", errorCheck);\n\t\t\t}, false);\n\t\t}\n\t}\n</script>"
                }
            ],
            "type": 0,
            "vers": []
        }
    ],
    "notes": [
        {
            "__type__": "Note",
            "fields": [
                "[Event \"?\"]<br>[Site \"?\"]<br>[Date \"????.??.??\"]<br>[Round \"?\"]<br>[White \"?\"]<br>[Black \"?\"]<br>[Result \"*\"]<br>[FEN \"2r1r1k1/5ppp/8/8/Q7/8/5PPP/4R1K1 w - - 0 1\"]<br><br>{ Deep analysis start after that node } 1. Rxe8+ { +M2 } ( 1. Qxe8+ { +M2 } 1... Rxe8 { +M1 } 2. Rxe8# { +M1 } ) 1... Rxe8 { +M1 } 2. Qxe8# { +M1 } *<br>"
            ],
            "guid": "i}r/m:E%tB",
            "note_model_uuid": "52ca70c5-8f2f-11eb-94da-d45d6450590b",
            "tags": [
                "Board_Games::chess::Lichess::Checkmates::Checkmate_Patterns_I"
            ]
        },
        {
            "__type__": "Note",
            "fields": [
                "[Event \"?\"]<br>[Site \"?\"]<br>[Date \"2021.11.18\"]<br>[Round \"?\"]<br>[White \"White\"]<br>[Black \"Black\"]<br>[Result \"*\"]<br>[FEN \"8/5pk1/2R4p/3p4/5p2/6r1/7p/5n1K w - - 0 51\"]<br>[SetUp \"1\"]<br><br>51. Rg6+ Kf8 {EV: 96.2%} 52. Rxg3 {EV: 0.9%} fxg3 {EV: 100.0%} 53. Kg2 {EV:<br>0.0%} h1=Q+ {EV: 100.0%} 54. Kxh1 {EV: 0.0%} Ne3 {EV: 100.0%} 55. Kg1 {EV: 0.0%}<br>d4 {EV: 100.0%} 56. Kh1 {EV: 0.0%} d3 {EV: 100.0%} 57. Kg1 {EV: 0.0%} d2 {EV:<br>100.0%} *"
            ],
            "guid": "4d(syPe3i",
            "note_model_uuid": "52ca2293-8f2f-11eb-86eb-d45d6450590b",
            "tags": [
                "Board_Games::chess::Book::dont_give_up_advantage"
            ]
        }
    ]
}